WKT,Integer,Float,String,Boolean
"POLYGON ((-0.000236034393311 -0.00033259391784,0.000477433204651 -0.000477433204642,0.000458657741547 0.000093877315526,-0.000093877315521 -0.000040233135223,-0.000236034393311 -0.00033259391784))","1",0.1,"1","1"
"POLYGON ((-0.000021374950266 -0.000022635473753,-0.000179708003998 0.000327229499814,0.000407695770264 0.000584721565234,0.0005042552948 0.000067055225381,0.000459841726632 0.000057850340786,0.000458657741547 0.000093877315526,-0.000021374950266 -0.000022635473753))","2",0.2,"2","1"
"MULTIPOLYGON (((0.00013152397146 0.000014475915017,0.00013152397146 0.000014475915017,0.000039784618425 -0.000007790918245,0.00013152397146 0.000014475915017)),((-0.000220607582539 -0.000300867080594,-0.000388920307159 -0.000276267528538,-0.000429153442383 0.000233352184301,-0.000164449107349 0.000293512260445,-0.000021374950266 -0.000022635473753,-0.000093877315521 -0.000040233135223,-0.000220607582539 -0.000300867080594)))","3",0.3,"3","1"
"POLYGON ((0.000203847885132 0.000555217266088,0.00020612325582 0.00049636101096,-0.000179708003998 0.000327229499814,-0.000021374950266 -0.000022635473753,-0.000164449107349 0.000293512260445,-0.000429153442383 0.000233352184301,-0.000388920307159 -0.000276267528538,-0.000220607582539 -0.000300867080594,-0.000236034393311 -0.00033259391784,0.000241921590374 -0.000429622576181,0.000244081020355 -0.000485479831694,-0.000592768192291 -0.000303089618682,-0.00061959028244 0.000233352184301,0.000203847885132 0.000555217266088))","4",0.4,"4","1"
